{"credit":"Nonopichy#1373","textures":{"0":"blockbench/bomb/corpo","1":"blockbench/bomb/bomb_","2":"blockbench/bomb/fios","particle":"blockbench/bomb/corpo"},"elements":[{"from":[1.5,0,5],"to":[15,5,11],"rotation":{"angle":0,"axis":"y","origin":[-1,0,-1]},"faces":{"north":{"uv":[7,0,13.75,3.5],"texture":"#0"},"east":{"uv":[7,7,11,10.5],"texture":"#0"},"south":{"uv":[7,3.5,13.75,7],"texture":"#0"},"west":{"uv":[0,8,4,11.5],"texture":"#0"},"up":{"uv":[6.75,4,0,0],"texture":"#0"},"down":{"uv":[6.75,4,0,8],"texture":"#0"}}},{"from":[6,5,6],"to":[12,6,10],"rotation":{"angle":0,"axis":"y","origin":[-1,0,-1]},"faces":{"north":{"uv":[7,0,14,1],"texture":"#1"},"east":{"uv":[7,2,11,3],"texture":"#1"},"south":{"uv":[7,1,14,2],"texture":"#1"},"west":{"uv":[7,3,11,4],"texture":"#1"},"up":{"uv":[7,4,0,0],"texture":"#1"},"down":{"uv":[7,4,0,8],"texture":"#1"}}},{"from":[5,3,7],"to":[8,3,9],"rotation":{"angle":22.5,"axis":"z","origin":[-1,0,-1]},"faces":{"north":{"uv":[1,2,2,3],"texture":"#missing"},"east":{"uv":[0,0,2,1],"texture":"#missing"},"south":{"uv":[2,2,3,3],"texture":"#missing"},"west":{"uv":[0,1,2,2],"texture":"#missing"},"up":{"uv":[1,4,0,2],"texture":"#2"},"down":{"uv":[3,0,2,2],"texture":"#missing"}}}],"display":{"thirdperson_righthand":{"rotation":[94,0,0],"translation":[0,1.75,5.75],"scale":[0.75,0.75,0.75]},"thirdperson_lefthand":{"rotation":[94,0,0],"translation":[0,1.75,5.75],"scale":[0.75,0.75,0.75]},"firstperson_righthand":{"rotation":[23,0,0],"translation":[0,5.75,0]},"firstperson_lefthand":{"rotation":[23,0,0],"translation":[0,6,0]},"ground":{"scale":[1.25,1.25,1.25]},"head":{"translation":[0,14.5,0]}},"groups":[{"name":"bone","origin":[0,0,0],"color":0,"children":[0,1,2]}]}